id,first_name,last_name,email,gender,ip_address
1,Lucio,Bernardez,lbernardez0@multiply.com,Male,175.116.122.103
2,Tressa,Crighton,tcrighton1@stanford.edu,Female,197.161.178.237
3,Vasili,Sposito,vsposito2@blogtalkradio.com,Male,155.134.166.236
4,Prentiss,Choak,pchoak3@baidu.com,Genderfluid,9.192.121.147
5,Engelbert,Oldford,eoldford4@flickr.com,Male,28.8.168.47
6,Aguistin,Bayldon,abayldon5@ca.gov,Male,111.235.88.95
7,Jared,Dyball,jdyball6@cyberchimps.com,Male,38.159.234.107
8,Elicia,Howton,ehowton7@loc.gov,Female,191.90.195.85
9,Devi,Antcliff,dantcliff8@bigcartel.com,Female,212.183.152.210
10,Clayborn,Pittham,cpittham9@icq.com,Male,103.62.34.112
11,Tye,Primett,tprimetta@sogou.com,Male,13.161.11.74
12,Lura,Shapero,lshaperob@icio.us,Female,54.122.5.16
13,Sterne,Chastanet,schastanetc@house.gov,Male,74.118.173.100
14,Derrik,Scherer,dschererd@webnode.com,Male,29.157.81.20
15,Morey,Newling,mnewlinge@unc.edu,Male,249.20.22.114
16,Henrie,Piffe,hpiffef@eepurl.com,Female,122.19.243.134
17,Sherwynd,Devers,sdeversg@webeden.co.uk,Male,28.213.254.129
18,Gusta,Reynish,greynishh@businesswire.com,Female,81.212.197.17
19,Ermanno,Izkovitch,eizkovitchi@list-manage.com,Male,37.26.7.85
20,Dre,Faires,dfairesj@utexas.edu,Female,191.167.103.64
21,Normand,Presswell,npresswellk@umn.edu,Male,17.1.253.117
22,Orella,Drover,odroverl@foxnews.com,Female,159.81.200.85
23,Ase,Juden,ajudenm@last.fm,Male,216.9.231.139
24,Kari,Gilhoolie,kgilhoolien@theglobeandmail.com,Female,121.114.48.181
25,Prudi,Jurisch,pjurischo@networkadvertising.org,Female,123.26.225.158
26,Ulrich,Shorthouse,ushorthousep@sitemeter.com,Male,37.216.4.25
27,Ann,Shallcrass,ashallcrassq@plala.or.jp,Female,233.241.70.84
28,Davie,Bockings,dbockingsr@woothemes.com,Male,187.250.206.141
29,Margaretha,Poschel,mposchels@moonfruit.com,Female,171.193.228.201
30,Carolina,Stoltz,cstoltzt@networkadvertising.org,Genderqueer,101.39.1.232
31,Masha,Lawling,mlawlingu@gizmodo.com,Genderqueer,150.132.247.214
32,Basilio,McKissack,bmckissackv@prweb.com,Male,200.110.249.177
33,Terrence,Favill,tfavillw@examiner.com,Male,142.209.111.85
34,Doretta,Newton,dnewtonx@bbb.org,Female,132.195.12.132
35,Hersh,Colleton,hcolletony@reuters.com,Male,147.20.96.235
36,Ike,Di Francecshi,idifrancecshiz@wordpress.org,Male,174.102.113.248
37,Glenn,Brownell,gbrownell10@elpais.com,Male,161.148.172.232
38,Renae,Fulger,rfulger11@google.com,Female,111.154.27.170
39,Marie,Janczewski,mjanczewski12@nsw.gov.au,Female,153.145.71.231
40,Roseanna,Lathe,rlathe13@omniture.com,Female,86.187.26.180
41,Kelila,Le Gallo,klegallo14@eventbrite.com,Female,55.203.183.48
42,Guillemette,Freathy,gfreathy15@apple.com,Female,64.194.165.177
43,Nils,Phippard,nphippard16@netscape.com,Male,95.95.67.66
44,Ignatius,Brunel,ibrunel17@si.edu,Male,215.201.166.155
45,Brook,Prickett,bprickett18@diigo.com,Female,6.125.99.19
46,Riva,Rottcher,rrottcher19@histats.com,Female,221.61.87.187
47,Slade,Treeby,streeby1a@last.fm,Male,23.220.170.13
48,Sheri,Inkles,sinkles1b@goo.gl,Female,201.6.181.37
49,Leland,Gridley,lgridley1c@cbsnews.com,Male,59.134.240.83
50,Merle,Littlejohn,mlittlejohn1d@usnews.com,Male,8.29.238.145
51,Ashlee,Stokes,astokes1e@independent.co.uk,Polygender,163.198.195.167
52,Clarey,Robic,crobic1f@webmd.com,Female,177.253.39.118
53,Ashleigh,Privett,aprivett1g@symantec.com,Genderfluid,224.54.202.88
54,Lory,Bucknall,lbucknall1h@wikia.com,Female,30.52.63.194
55,Aldridge,Rittmeier,arittmeier1i@npr.org,Male,222.175.166.7
56,Madelena,Lange,mlange1j@chicagotribune.com,Female,230.43.223.64
57,Kimball,Petrello,kpetrello1k@hatena.ne.jp,Male,216.28.77.97
58,Rockie,Karpinski,rkarpinski1l@census.gov,Male,135.201.9.9
59,Kathleen,Hollingshead,khollingshead1m@ibm.com,Female,119.191.211.209
60,Correna,Redmond,credmond1n@linkedin.com,Female,126.60.10.246
61,Fremont,Shenfish,fshenfish1o@sphinn.com,Male,82.4.150.164
62,Shannen,felip,sfelip1p@walmart.com,Female,142.74.150.148
63,Harrietta,Stile,hstile1q@php.net,Female,235.18.110.40
64,Noni,Wrixon,nwrixon1r@amazon.co.jp,Non-binary,236.153.183.228
65,Deedee,Rupert,drupert1s@apache.org,Female,164.16.165.194
66,Zedekiah,Licence,zlicence1t@tripod.com,Male,75.207.145.3
67,Stearn,Heinle,sheinle1u@techcrunch.com,Male,211.138.22.191
68,Cobby,Kolin,ckolin1v@sitemeter.com,Agender,249.90.103.172
69,Verney,Roxbrough,vroxbrough1w@msu.edu,Male,216.238.192.72
70,Letisha,Worsley,lworsley1x@house.gov,Female,141.9.238.52
71,Corny,Schultz,cschultz1y@blog.com,Male,22.79.113.159
72,Esta,Babinski,ebabinski1z@hao123.com,Female,111.24.175.166
73,Deloris,Scorrer,dscorrer20@mit.edu,Female,111.246.27.203
74,Susanetta,Sapsed,ssapsed21@cyberchimps.com,Agender,246.108.92.134
75,Ansel,Fassan,afassan22@archive.org,Male,232.143.190.196
76,Jake,Halwill,jhalwill23@parallels.com,Male,220.56.77.17
77,Kayley,Ferreres,kferreres24@admin.ch,Genderqueer,244.21.120.24
78,Antons,Don,adon25@mediafire.com,Male,197.117.145.210
79,Johan,Tunmore,jtunmore26@cargocollective.com,Male,126.255.228.250
80,Alvin,Pendrich,apendrich27@globo.com,Male,140.184.222.130
81,Waiter,Rouchy,wrouchy28@angelfire.com,Male,183.241.240.228
82,Lion,Rickards,lrickards29@springer.com,Non-binary,71.122.204.197
83,Faye,Kas,fkas2a@youku.com,Female,223.40.141.167
84,Consolata,Braybrooke,cbraybrooke2b@unblog.fr,Female,91.197.50.73
85,Ban,Mansuer,bmansuer2c@mediafire.com,Male,228.164.132.188
86,Austen,Mieville,amieville2d@go.com,Male,28.191.91.108
87,Cesaro,Vittori,cvittori2e@deliciousdays.com,Male,224.110.117.185
88,Alyss,Risbridger,arisbridger2f@ifeng.com,Female,58.92.229.107
89,Gilberte,Bulcock,gbulcock2g@unesco.org,Female,53.207.86.149
90,Winthrop,Castille,wcastille2h@huffingtonpost.com,Male,21.36.102.55
91,Tabbie,Biaggiotti,tbiaggiotti2i@google.es,Male,39.236.137.120
92,Carly,Alston,calston2j@amazon.co.uk,Male,130.168.30.137
93,Ina,de Voiels,idevoiels2k@mlb.com,Female,223.55.54.37
94,Jackie,O'Geneay,jogeneay2l@jimdo.com,Male,72.79.151.206
95,Tate,Lacky,tlacky2m@fda.gov,Bigender,224.36.166.98
96,Emerson,Bonifazio,ebonifazio2n@marriott.com,Male,39.205.164.100
97,Claresta,Wyne,cwyne2o@telegraph.co.uk,Female,143.221.2.35
98,Harwell,Lethby,hlethby2p@yahoo.com,Male,128.118.166.58
99,Chad,Doughartie,cdoughartie2q@eventbrite.com,Female,244.148.189.233
100,Reuven,Somerfield,rsomerfield2r@geocities.com,Male,35.209.61.246
101,Chrystel,Kobierra,ckobierra2s@lycos.com,Female,175.80.70.210
102,Alvira,Snaith,asnaith2t@mayoclinic.com,Female,22.66.155.96
103,Catlee,Kaasmann,ckaasmann2u@slate.com,Female,86.168.167.219
104,Kamilah,Gladtbach,kgladtbach2v@wikipedia.org,Genderfluid,233.32.35.81
105,Bess,Gabotti,bgabotti2w@unblog.fr,Female,236.28.244.154
106,Von,Filpi,vfilpi2x@nymag.com,Male,48.24.181.210
107,Moselle,Allanson,mallanson2y@ehow.com,Female,247.85.231.226
108,Ardath,Towriss,atowriss2z@senate.gov,Female,136.129.235.149
109,Cordell,Fatharly,cfatharly30@themeforest.net,Male,2.155.27.220
110,Nadiya,Harm,nharm31@opera.com,Agender,254.23.128.196
111,Johnathan,Izzat,jizzat32@nbcnews.com,Male,11.191.250.109
112,Alphonse,Jenkinson,ajenkinson33@ed.gov,Male,216.115.154.243
113,Carver,Arton,carton34@wordpress.com,Male,190.83.72.90
114,Olwen,Baskeyfield,obaskeyfield35@github.com,Female,186.145.173.141
115,Andrei,Eacott,aeacott36@ebay.co.uk,Female,147.120.56.104
116,Kaleb,Copeland,kcopeland37@instagram.com,Male,106.25.69.107
117,Hube,Yezafovich,hyezafovich38@unblog.fr,Male,105.98.153.176
118,Mersey,Salsbury,msalsbury39@cornell.edu,Female,100.223.118.77
119,Corby,Bowld,cbowld3a@cargocollective.com,Male,17.93.86.31
120,Galvin,Syfax,gsyfax3b@studiopress.com,Male,34.239.42.28
121,Enoch,Oiseau,eoiseau3c@comcast.net,Male,239.158.37.85
122,Leanora,Chasmar,lchasmar3d@barnesandnoble.com,Female,232.252.241.155
123,Pablo,Kleen,pkleen3e@jimdo.com,Genderqueer,55.107.122.58
124,Sean,Duxfield,sduxfield3f@fotki.com,Female,74.230.154.38
125,Stefan,Cecely,scecely3g@businessinsider.com,Male,25.50.145.212
126,Ario,Gavey,agavey3h@diigo.com,Male,30.144.49.144
127,Salvador,Kleinzweig,skleinzweig3i@parallels.com,Male,45.243.32.207
128,Dag,Livett,dlivett3j@163.com,Male,75.146.23.203
129,Esteban,Sampson,esampson3k@yandex.ru,Male,196.4.6.180
130,Jennie,Hamley,jhamley3l@bbb.org,Female,224.208.175.25
131,Sherm,Astin,sastin3m@youtu.be,Male,253.148.60.110
132,Ambrosi,Bohman,abohman3n@rakuten.co.jp,Polygender,251.151.162.92
133,Penn,Windebank,pwindebank3o@histats.com,Male,100.5.165.97
134,Allyn,Wroughton,awroughton3p@flavors.me,Male,220.115.203.166
135,Ginevra,Walsh,gwalsh3q@multiply.com,Female,24.242.148.177
136,Veronike,Harses,vharses3r@tumblr.com,Female,143.89.61.1
137,Jania,Lalley,jlalley3s@spiegel.de,Female,175.61.124.54
138,Antonino,Snelgrove,asnelgrove3t@prnewswire.com,Male,233.106.215.69
139,Catlaina,Szimoni,cszimoni3u@ucoz.ru,Female,38.174.183.210
140,Allison,Stennet,astennet3v@newsvine.com,Female,190.168.233.244
141,Noelani,Frayn,nfrayn3w@xrea.com,Female,83.4.107.236
142,Erl,Donovin,edonovin3x@twitter.com,Non-binary,168.59.168.52
143,Thea,Blewitt,tblewitt3y@dyndns.org,Female,112.207.226.173
144,Elvera,Paule,epaule3z@hp.com,Polygender,5.106.45.221
145,Byrle,Roughley,broughley40@admin.ch,Agender,56.247.72.87
146,Carling,Jerams,cjerams41@devhub.com,Male,98.92.114.232
147,Dre,Batalle,dbatalle42@patch.com,Female,97.175.146.195
148,Chaim,Hethron,chethron43@cocolog-nifty.com,Male,98.57.236.133
149,Austine,Hallstone,ahallstone44@mysql.com,Female,187.189.146.255
150,Nanni,Bateup,nbateup45@gizmodo.com,Female,148.155.81.70
151,Cleve,Metson,cmetson46@nba.com,Male,140.33.151.196
152,Ashleigh,Croneen,acroneen47@about.com,Non-binary,26.85.144.236
153,Sim,Djekovic,sdjekovic48@canalblog.com,Male,234.165.129.216
154,Ag,Hardwick,ahardwick49@reverbnation.com,Female,141.144.138.123
155,Merrel,Shoebridge,mshoebridge4a@php.net,Male,26.181.243.242
156,John,Claypool,jclaypool4b@mayoclinic.com,Male,175.238.124.67
157,Oates,Jannasch,ojannasch4c@apple.com,Genderfluid,175.102.9.118
158,Amabel,Lilion,alilion4d@unc.edu,Polygender,149.189.93.34
159,Corene,Bourchier,cbourchier4e@printfriendly.com,Female,217.150.24.87
160,Nerti,Barlee,nbarlee4f@time.com,Female,73.66.89.14
161,Robb,Maloney,rmaloney4g@stumbleupon.com,Male,232.253.156.146
162,Karin,McColley,kmccolley4h@google.com.hk,Female,179.145.152.166
163,Jonathan,Fewell,jfewell4i@mozilla.com,Male,90.90.80.202
164,Eleni,Audus,eaudus4j@freewebs.com,Female,163.181.126.219
165,Deva,Tenant,dtenant4k@cargocollective.com,Female,94.103.22.184
166,Imojean,Baskerfield,ibaskerfield4l@google.it,Female,36.247.42.67
167,Yancey,Strewthers,ystrewthers4m@unesco.org,Male,138.19.35.142
168,Greta,McCuaig,gmccuaig4n@berkeley.edu,Female,84.154.125.118
169,Lowrance,Choat,lchoat4o@google.com.hk,Male,136.13.110.74
170,Hermann,Summersby,hsummersby4p@loc.gov,Male,115.150.18.136
171,Angil,Element,aelement4q@360.cn,Female,52.134.199.32
172,Rutter,Spatig,rspatig4r@paypal.com,Male,34.102.68.149
173,Flo,Mallall,fmallall4s@xing.com,Female,41.197.130.137
174,Maddi,Gherardini,mgherardini4t@gnu.org,Female,119.74.27.2
175,Timothee,Abrahamovitz,tabrahamovitz4u@g.co,Male,39.31.244.155
176,Clementina,Jedras,cjedras4v@ft.com,Female,195.169.238.21
177,Ashby,Bulbeck,abulbeck4w@intel.com,Male,68.170.164.41
178,Lorry,Kendal,lkendal4x@flickr.com,Female,80.157.42.63
179,Wes,Cubbino,wcubbino4y@twitter.com,Male,88.77.27.77
180,Dar,Moyler,dmoyler4z@creativecommons.org,Male,125.178.189.152
181,Silas,Gozzett,sgozzett50@imageshack.us,Male,66.73.58.23
182,Catlaina,Healks,chealks51@nhs.uk,Female,192.135.96.168
183,Moina,Kibble,mkibble52@macromedia.com,Polygender,133.185.217.97
184,Jocelyn,Ellington,jellington53@alexa.com,Female,197.27.34.1
185,Jed,McNess,jmcness54@angelfire.com,Male,152.234.166.124
186,Melisa,Forri,mforri55@tinyurl.com,Female,14.151.245.104
187,Christopher,Nucciotti,cnucciotti56@youtu.be,Male,241.207.220.152
188,Ariel,Beades,abeades57@si.edu,Male,116.33.191.72
189,Allina,Luno,aluno58@sciencedirect.com,Female,170.18.242.145
190,Rawley,Frossell,rfrossell59@mlb.com,Male,76.83.75.200
191,Trisha,Blaycock,tblaycock5a@etsy.com,Female,148.70.197.77
192,Nev,Hengoed,nhengoed5b@toplist.cz,Male,121.254.47.154
193,Joellen,Ghione,jghione5c@hud.gov,Female,178.56.157.96
194,Elmer,Sprasen,esprasen5d@twitter.com,Male,221.229.13.199
195,Reinald,Wind,rwind5e@wsj.com,Genderfluid,199.40.210.84
196,Husein,De Wolfe,hdewolfe5f@nhs.uk,Male,14.23.119.87
197,Spike,Linnett,slinnett5g@kickstarter.com,Male,128.27.226.241
198,Lewiss,Maliffe,lmaliffe5h@cornell.edu,Male,210.174.177.204
199,Panchito,Hannis,phannis5i@blog.com,Male,36.239.236.72
200,Cesare,Insull,cinsull5j@ocn.ne.jp,Male,30.209.96.135
201,Harland,Sangwin,hsangwin5k@stanford.edu,Male,91.31.244.200
202,Bartie,Bulgen,bbulgen5l@fda.gov,Male,217.105.20.255
203,Maurice,Flaxman,mflaxman5m@xrea.com,Male,226.240.55.108
204,Dannel,Grancher,dgrancher5n@ebay.com,Male,134.195.15.25
205,Ilyse,Padfield,ipadfield5o@purevolume.com,Female,166.177.73.196
206,Inness,Devon,idevon5p@furl.net,Male,192.35.250.88
207,Cassius,Penwell,cpenwell5q@wikia.com,Male,225.40.187.49
208,Randal,Oddey,roddey5r@amazon.de,Male,72.175.96.130
209,Guilbert,Whiteside,gwhiteside5s@miibeian.gov.cn,Male,145.86.246.208
210,Hiram,Ioannou,hioannou5t@microsoft.com,Male,36.193.131.132
211,Billye,Snead,bsnead5u@discuz.net,Female,135.84.203.53
212,Lenette,Weymont,lweymont5v@java.com,Female,166.102.173.118
213,Adamo,Symmons,asymmons5w@over-blog.com,Male,88.79.44.12
214,Jermain,Torbard,jtorbard5x@gmpg.org,Male,232.75.69.159
215,Biron,Norley,bnorley5y@ox.ac.uk,Male,236.213.11.15
216,Tibold,Ingall,tingall5z@amazon.com,Male,135.182.138.55
217,Jodie,Kristoffersen,jkristoffersen60@tinypic.com,Male,187.169.18.205
218,Shaina,Oakley,soakley61@businesswire.com,Female,114.124.81.51
219,Tabbatha,Ivasechko,tivasechko62@bandcamp.com,Female,56.99.229.16
220,Layne,Hanshawe,lhanshawe63@timesonline.co.uk,Female,101.182.12.70
221,Abramo,Rushbrooke,arushbrooke64@wikipedia.org,Male,220.236.142.145
222,Hedwiga,Presdie,hpresdie65@google.fr,Female,234.14.189.60
223,Delcina,Tremelling,dtremelling66@alexa.com,Female,237.209.234.58
224,Dallon,Vannoort,dvannoort67@berkeley.edu,Male,227.214.232.124
225,Lilas,Primak,lprimak68@printfriendly.com,Female,91.225.29.182
226,Xylina,Trimble,xtrimble69@123-reg.co.uk,Female,195.193.72.60
227,Brandea,Costen,bcosten6a@apache.org,Female,40.56.77.129
228,Hebert,Rebbeck,hrebbeck6b@umn.edu,Male,95.59.157.133
229,Evyn,Bellwood,ebellwood6c@edublogs.org,Male,161.211.49.71
230,Tudor,Beckensall,tbeckensall6d@biglobe.ne.jp,Male,21.100.210.227
231,Dex,MacNeice,dmacneice6e@yolasite.com,Male,197.78.251.150
232,Barbabas,McAw,bmcaw6f@e-recht24.de,Male,208.110.60.255
233,Herrick,Kas,hkas6g@npr.org,Male,97.204.128.205
234,Kara-lynn,Malenfant,kmalenfant6h@disqus.com,Female,125.180.198.228
235,Lissy,Carnduff,lcarnduff6i@hexun.com,Female,47.125.173.9
236,Gage,Saunt,gsaunt6j@hugedomains.com,Male,220.22.11.229
237,Prudence,Bazell,pbazell6k@google.ru,Female,119.7.43.223
238,Yvonne,Adderson,yadderson6l@businessinsider.com,Female,30.148.58.7
239,Nial,Capineer,ncapineer6m@admin.ch,Male,146.211.54.94
240,Clari,Lamperd,clamperd6n@irs.gov,Female,31.6.153.162
241,Bren,Jervis,bjervis6o@apple.com,Female,93.232.150.199
242,Eleanore,Tilston,etilston6p@ibm.com,Female,60.226.88.123
243,Sybilla,Whooley,swhooley6q@fema.gov,Female,180.253.163.189
244,Quill,Ledley,qledley6r@privacy.gov.au,Male,88.226.67.23
245,Dehlia,Bosse,dbosse6s@mozilla.org,Female,21.23.31.227
246,Honoria,Damper,hdamper6t@naver.com,Female,224.120.134.31
247,Zack,Matys,zmatys6u@comcast.net,Male,199.139.89.33
248,Horatio,Serman,hserman6v@zimbio.com,Male,254.80.33.142
249,Caty,Voase,cvoase6w@cdc.gov,Female,140.55.36.67
250,Andria,Batkin,abatkin6x@meetup.com,Female,4.135.110.17
251,Trace,Schoenleiter,tschoenleiter6y@skyrock.com,Male,37.251.38.220
252,Carlee,Stroyan,cstroyan6z@imgur.com,Female,143.123.236.198
253,Cly,Shovell,cshovell70@studiopress.com,Male,207.104.173.231
254,Eleen,Milsap,emilsap71@nps.gov,Female,218.139.0.84
255,Binny,Riba,briba72@i2i.jp,Female,84.51.48.183
256,Gabbey,Rudgley,grudgley73@naver.com,Female,238.159.124.5
257,Jaymee,Sprules,jsprules74@ycombinator.com,Genderqueer,59.111.19.215
258,Leonora,Boyne,lboyne75@chicagotribune.com,Female,46.234.54.236
259,Zita,Kenyon,zkenyon76@gnu.org,Female,168.178.32.228
260,Farrel,Biddlecombe,fbiddlecombe77@hugedomains.com,Male,116.32.233.209
261,Greta,Welfair,gwelfair78@sourceforge.net,Female,41.227.172.215
262,Margette,Livens,mlivens79@techcrunch.com,Female,154.202.65.40
263,Catherine,Langforth,clangforth7a@skyrock.com,Female,254.233.216.28
264,Mil,Farre,mfarre7b@vk.com,Female,205.200.203.92
265,Berty,Seabrooke,bseabrooke7c@yale.edu,Male,40.242.97.182
266,Janetta,Shier,jshier7d@ovh.net,Female,121.142.149.45
267,Kellen,Hukin,khukin7e@comsenz.com,Female,18.222.33.62
268,Dante,Izakof,dizakof7f@yahoo.co.jp,Male,245.81.74.215
269,Yancy,Hamon,yhamon7g@google.com.hk,Male,140.73.99.185
270,Muffin,Canet,mcanet7h@chron.com,Male,28.203.65.251
271,Andras,Petrasch,apetrasch7i@discuz.net,Male,139.254.131.153
272,Doria,Nials,dnials7j@mozilla.org,Female,123.31.16.240
273,Augusta,Kingh,akingh7k@g.co,Female,211.103.15.55
274,Kiri,Starrs,kstarrs7l@buzzfeed.com,Genderqueer,181.39.73.237
275,Kathy,Tame,ktame7m@ibm.com,Female,202.69.90.9
276,Burl,Bushel,bbushel7n@4shared.com,Male,111.47.192.77
277,Livia,Duignan,lduignan7o@parallels.com,Female,98.178.52.227
278,Theo,Davidsohn,tdavidsohn7p@theglobeandmail.com,Female,208.251.170.109
279,Walden,Overill,woverill7q@chicagotribune.com,Male,206.197.24.20
280,Lorita,Towe,ltowe7r@wikipedia.org,Female,223.146.26.108
281,Doyle,Leinster,dleinster7s@dot.gov,Male,104.27.148.19
282,Didi,Karpets,dkarpets7t@typepad.com,Female,232.114.35.24
283,Herc,Juares,hjuares7u@parallels.com,Genderfluid,109.213.162.37
284,Wallis,Helversen,whelversen7v@craigslist.org,Female,233.90.129.183
285,Anallise,Eversfield,aeversfield7w@state.gov,Non-binary,43.140.216.168
286,Gaynor,Francillo,gfrancillo7x@geocities.com,Female,4.109.230.143
287,Brannon,Jerome,bjerome7y@webeden.co.uk,Genderfluid,199.126.112.0
288,Fannie,Lindermann,flindermann7z@istockphoto.com,Female,101.68.181.23
289,Britteny,Matuszyk,bmatuszyk80@nbcnews.com,Non-binary,0.247.77.116
290,Luce,Bruneton,lbruneton81@csmonitor.com,Bigender,56.155.126.30
291,Lemar,Geill,lgeill82@ocn.ne.jp,Male,27.90.126.217
292,Pavel,Beecroft,pbeecroft83@chron.com,Male,99.56.78.146
293,Ebenezer,Mooreed,emooreed84@cafepress.com,Male,168.161.192.76
294,Dierdre,Battey,dbattey85@artisteer.com,Female,96.103.13.92
295,Rosemonde,Dibbe,rdibbe86@feedburner.com,Female,127.75.96.214
296,Nerita,Kelberman,nkelberman87@feedburner.com,Female,5.64.41.42
297,Che,Gorner,cgorner88@dailymail.co.uk,Male,62.249.101.130
298,Blondell,Hakes,bhakes89@flavors.me,Non-binary,187.170.43.148
299,Dionne,Davers,ddavers8a@163.com,Female,173.138.160.156
300,Dynah,McGeraghty,dmcgeraghty8b@ezinearticles.com,Non-binary,22.126.143.250
301,Shannon,Padberry,spadberry8c@engadget.com,Male,209.44.72.117
302,Bradford,Witherow,bwitherow8d@taobao.com,Male,6.15.30.251
303,Claire,Rae,crae8e@intel.com,Polygender,176.12.198.6
304,Leona,Fisbey,lfisbey8f@independent.co.uk,Female,193.33.96.172
305,Darrin,Connikie,dconnikie8g@360.cn,Male,40.159.81.142
306,Guido,Bowne,gbowne8h@typepad.com,Agender,163.227.242.142
307,Maressa,Haly,mhaly8i@jalbum.net,Female,94.177.216.197
308,Tandy,Trubshaw,ttrubshaw8j@blogspot.com,Female,209.63.19.54
309,Elladine,Priestland,epriestland8k@smugmug.com,Female,47.185.33.146
310,Sela,Astill,sastill8l@unicef.org,Female,19.74.135.107
311,Emelen,Moralas,emoralas8m@rediff.com,Male,254.16.18.190
312,Alexi,Prandi,aprandi8n@devhub.com,Female,176.170.69.224
313,Emile,Sinisbury,esinisbury8o@rakuten.co.jp,Male,59.185.31.177
314,Dannel,Alsobrook,dalsobrook8p@si.edu,Male,191.10.138.86
315,Sherrie,Majury,smajury8q@reddit.com,Female,224.254.239.91
316,Adina,Getcliff,agetcliff8r@naver.com,Genderfluid,56.196.224.225
317,Chen,Wathen,cwathen8s@twitter.com,Non-binary,101.20.103.31
318,Elisabetta,Margrett,emargrett8t@about.me,Female,223.69.28.167
319,Edin,Letterese,eletterese8u@a8.net,Female,40.20.236.133
320,Lock,Applin,lapplin8v@wikia.com,Male,186.215.92.42
321,Cyndi,Dayly,cdayly8w@dedecms.com,Female,140.237.88.86
322,Dalton,Radclyffe,dradclyffe8x@unicef.org,Male,226.95.175.131
323,Humfried,Assur,hassur8y@wikimedia.org,Male,195.182.122.208
324,Lori,Kremer,lkremer8z@google.ca,Polygender,40.107.173.168
325,Sean,Lindbergh,slindbergh90@phoca.cz,Female,211.50.228.16
326,Merry,Ivchenko,mivchenko91@typepad.com,Male,225.218.153.219
327,Kaleena,Dudeney,kdudeney92@networksolutions.com,Female,71.131.158.136
328,Constantino,Coaten,ccoaten93@biglobe.ne.jp,Male,206.152.225.23
329,Breanne,Daen,bdaen94@mit.edu,Female,138.97.188.200
330,Cullan,Penylton,cpenylton95@qq.com,Male,147.33.130.73
331,Latrina,Jerrim,ljerrim96@uol.com.br,Female,199.171.252.12
332,Chandra,Jurkiewicz,cjurkiewicz97@dedecms.com,Female,136.241.226.109
333,Heriberto,Dulson,hdulson98@histats.com,Male,33.114.26.149
334,Matthiew,Bussens,mbussens99@miitbeian.gov.cn,Male,159.96.149.225
335,Gustave,Sherlaw,gsherlaw9a@is.gd,Male,3.54.142.10
336,Eugenio,Ivain,eivain9b@creativecommons.org,Male,167.149.43.215
337,Berry,Attawell,battawell9c@intel.com,Female,155.175.172.31
338,Cale,Crafter,ccrafter9d@odnoklassniki.ru,Male,56.139.235.207
339,Clemmie,Bamber,cbamber9e@timesonline.co.uk,Female,45.109.253.146
340,Robbie,Retallick,rretallick9f@wikimedia.org,Male,175.201.111.39
341,Karly,Daymont,kdaymont9g@skype.com,Female,31.95.52.9
342,Christophe,Vaskin,cvaskin9h@foxnews.com,Male,157.116.170.232
343,Faith,Zorzetti,fzorzetti9i@imgur.com,Female,63.164.253.192
344,Webb,Sanchis,wsanchis9j@instagram.com,Male,198.42.99.97
345,Pen,Antalffy,pantalffy9k@foxnews.com,Male,131.53.211.241
346,Magdalena,Wetherby,mwetherby9l@ucla.edu,Female,183.148.133.214
347,Pamelina,Auchterlonie,pauchterlonie9m@miitbeian.gov.cn,Female,44.124.11.148
348,Alard,Robrose,arobrose9n@whitehouse.gov,Male,160.1.99.91
349,Daphne,Arthey,darthey9o@barnesandnoble.com,Female,254.239.227.7
350,Vinni,Corderoy,vcorderoy9p@hugedomains.com,Female,156.210.74.221
351,Katie,Bodiam,kbodiam9q@comcast.net,Female,159.7.76.150
352,Dunc,Hutchinson,dhutchinson9r@newyorker.com,Male,33.50.95.106
353,Aubrey,Wannan,awannan9s@hugedomains.com,Genderfluid,229.210.251.138
354,Maxy,Beecham,mbeecham9t@edublogs.org,Female,26.195.107.92
355,Robby,Wrefford,rwrefford9u@biblegateway.com,Bigender,237.5.16.136
356,Homer,Dyball,hdyball9v@tiny.cc,Male,188.41.91.139
357,Ban,Pidgen,bpidgen9w@amazonaws.com,Male,13.106.49.220
358,Arty,Windybank,awindybank9x@cafepress.com,Male,204.208.132.207
359,Bernadene,Prestie,bprestie9y@huffingtonpost.com,Female,63.118.112.87
360,Clyve,Trillow,ctrillow9z@istockphoto.com,Male,243.231.72.136
361,Boyd,Girt,bgirta0@bing.com,Male,167.8.66.222
362,Oliviero,Keers,okeersa1@digg.com,Male,68.52.212.175
363,Wilmette,Lawrie,wlawriea2@arstechnica.com,Female,203.230.216.237
364,Chantal,Kidsley,ckidsleya3@youku.com,Female,9.201.223.129
365,Meryl,Haye,mhayea4@forbes.com,Female,30.66.151.249
366,Phylis,Dyka,pdykaa5@apple.com,Female,110.60.130.58
367,Shantee,Lindwall,slindwalla6@sina.com.cn,Female,45.83.247.184
368,Caldwell,Renad,crenada7@upenn.edu,Male,252.183.186.142
369,Robina,Meys,rmeysa8@linkedin.com,Female,178.149.2.127
370,Andrus,Priver,aprivera9@ibm.com,Male,60.117.250.84
371,Carlie,Drayton,cdraytonaa@hugedomains.com,Male,193.41.214.97
372,Ingaborg,Benez,ibenezab@cisco.com,Female,71.6.211.168
373,Barbabas,McGurn,bmcgurnac@yahoo.co.jp,Male,38.139.203.94
374,Bronson,Twitchings,btwitchingsad@hibu.com,Male,209.184.55.45
375,Xenia,O'Shaughnessy,xoshaughnessyae@imageshack.us,Female,101.37.228.85
376,Neils,Betke,nbetkeaf@yolasite.com,Male,251.149.9.74
377,Mickie,Calverley,mcalverleyag@seesaa.net,Female,162.86.130.30
378,Blaire,Pitrelli,bpitrelliah@diigo.com,Female,90.89.76.43
379,Meta,Bicker,mbickerai@hao123.com,Female,35.180.4.152
380,Buddie,Pendrick,bpendrickaj@linkedin.com,Male,101.38.111.252
381,Rocky,Ditzel,rditzelak@51.la,Male,122.151.246.93
382,Ruggiero,De la croix,rdelacroixal@cargocollective.com,Male,136.141.187.82
383,Sonny,Hoggan,shogganam@washington.edu,Female,206.2.42.82
384,Whitney,Cumberlidge,wcumberlidgean@github.com,Female,233.42.55.108
385,Carlene,Macguire,cmacguireao@arizona.edu,Female,56.189.75.18
386,Benson,Instone,binstoneap@taobao.com,Male,180.128.202.46
387,Teodorico,Ivel,tivelaq@com.com,Male,74.231.186.253
388,Dacy,Beauchop,dbeauchopar@hhs.gov,Female,25.224.54.46
389,Ede,Aggio,eaggioas@sina.com.cn,Female,130.142.160.27
390,Arlyne,Ducarne,aducarneat@unicef.org,Female,144.116.255.73
391,Emmalee,Geke,egekeau@pcworld.com,Female,165.90.113.49
392,Zane,Full,zfullav@rambler.ru,Male,86.115.73.178
393,Holly-anne,Filtness,hfiltnessaw@ftc.gov,Female,173.218.3.227
394,Jilleen,Commuzzo,jcommuzzoax@51.la,Female,17.167.174.20
395,Chet,Archell,carchellay@dagondesign.com,Male,169.250.171.202
396,Wynne,Paoletto,wpaolettoaz@bloglines.com,Genderqueer,55.113.154.97
397,Alexina,Riddock,ariddockb0@census.gov,Female,197.201.19.164
398,Agustin,Kubica,akubicab1@shutterfly.com,Male,69.218.72.63
399,Neila,Dodding,ndoddingb2@amazonaws.com,Genderqueer,172.39.79.181
400,Kaye,Mistry,kmistryb3@youtu.be,Female,99.140.88.245
401,Nelli,Breakspear,nbreakspearb4@whitehouse.gov,Bigender,142.190.181.195
402,Natassia,Kirman,nkirmanb5@weibo.com,Bigender,66.171.195.216
403,Theresita,Sarle,tsarleb6@oracle.com,Female,211.94.71.114
404,Milton,Beal,mbealb7@yandex.ru,Male,64.182.116.222
405,Imogene,Concklin,iconcklinb8@nydailynews.com,Female,179.112.100.150
406,Oates,Fasler,ofaslerb9@europa.eu,Male,115.79.90.51
407,Nye,Cossins,ncossinsba@phoca.cz,Male,222.196.200.237
408,Frazer,Chaplyn,fchaplynbb@opensource.org,Male,106.207.105.53
409,Lucais,O'Day,lodaybc@marriott.com,Polygender,87.121.75.57
410,Eyde,Cecil,ececilbd@utexas.edu,Polygender,193.222.27.216
411,Ignacio,Sporrij,isporrijbe@webs.com,Male,252.37.140.102
412,Tuesday,Pankettman,tpankettmanbf@goo.ne.jp,Female,161.183.8.17
413,Chrisse,Stockton,cstocktonbg@google.pl,Male,187.80.74.162
414,Elvin,Custed,ecustedbh@apple.com,Male,11.101.179.160
415,Sephira,Dignall,sdignallbi@wordpress.org,Female,121.78.154.241
416,Leisha,Corinton,lcorintonbj@w3.org,Female,16.82.134.57
417,Lindi,Erwin,lerwinbk@bravesites.com,Female,23.184.47.49
418,Lynnet,Kettridge,lkettridgebl@360.cn,Female,183.85.19.26
419,Parker,Godart,pgodartbm@google.com,Male,252.122.225.112
420,Richy,Hanney,rhanneybn@people.com.cn,Male,22.192.2.205
421,Sallyanne,O'Farrell,sofarrellbo@google.com.au,Female,46.122.157.78
422,Ophelia,MacCosty,omaccostybp@stanford.edu,Bigender,67.46.17.78
423,Cosme,Rive,crivebq@psu.edu,Male,62.5.236.84
424,Abra,Naismith,anaismithbr@blogspot.com,Female,61.7.238.151
425,Helenelizabeth,Libbis,hlibbisbs@nba.com,Female,230.11.226.221
426,Heidie,Denekamp,hdenekampbt@usda.gov,Genderqueer,238.142.191.98
427,Napoleon,Gouge,ngougebu@ucsd.edu,Male,122.23.138.191
428,Andie,Zamboniari,azamboniaribv@tiny.cc,Male,87.199.35.93
429,Blanca,Yanele,byanelebw@unicef.org,Female,130.105.1.239
430,Tarrah,Klimkowski,tklimkowskibx@google.fr,Female,210.135.213.64
431,Irv,Thaxton,ithaxtonby@vimeo.com,Male,2.210.202.226
432,Minta,Girdlestone,mgirdlestonebz@devhub.com,Female,131.22.40.54
433,Creight,Cess,ccessc0@guardian.co.uk,Male,202.203.182.76
434,Lilllie,Mallatratt,lmallatrattc1@ft.com,Female,133.179.144.52
435,Georges,Neave,gneavec2@t.co,Male,83.178.28.157
436,Grier,Latter,glatterc3@umich.edu,Female,68.82.144.174
437,Elnora,Colquit,ecolquitc4@foxnews.com,Female,176.35.188.85
438,Bobine,O'Fihily,bofihilyc5@mozilla.com,Female,121.204.201.29
439,Krishnah,Goodison,kgoodisonc6@dailymail.co.uk,Male,78.139.183.61
440,Bax,Nunnery,bnunneryc7@alibaba.com,Male,43.147.19.66
441,Carey,Trigg,ctriggc8@usgs.gov,Male,52.188.202.114
442,Holden,Bushel,hbushelc9@mapquest.com,Male,217.143.195.106
443,Melita,Janes,mjanesca@tinyurl.com,Female,197.156.27.136
444,Murray,Caws,mcawscb@ning.com,Male,255.229.246.90
445,Dulciana,Edie,dediecc@naver.com,Female,187.71.9.219
446,Frederigo,Kermode,fkermodecd@omniture.com,Male,161.150.198.31
447,Joachim,Dowsing,jdowsingce@umich.edu,Agender,168.94.243.180
448,Ferrell,Dalgarno,fdalgarnocf@acquirethisname.com,Male,61.167.55.116
449,Farrand,Judkin,fjudkincg@hatena.ne.jp,Female,111.142.238.6
450,Rutledge,Eginton,regintonch@prnewswire.com,Polygender,44.78.83.19
451,Alphonse,Verity,averityci@moonfruit.com,Male,117.24.96.27
452,Gib,Esmonde,gesmondecj@liveinternet.ru,Male,74.12.57.54
453,Clayson,Sudy,csudyck@fotki.com,Male,124.27.49.3
454,Ursula,Farrears,ufarrearscl@house.gov,Female,99.16.25.232
455,Bald,Poytres,bpoytrescm@amazon.de,Male,32.240.247.240
456,Cherianne,Nutkins,cnutkinscn@printfriendly.com,Female,221.31.184.72
457,Evania,Derrington,ederringtonco@webs.com,Polygender,79.125.138.92
458,Doro,Puffett,dpuffettcp@bbc.co.uk,Female,66.99.188.121
459,Orv,Hartshorne,ohartshornecq@artisteer.com,Male,133.90.200.166
460,Amalle,Bigglestone,abigglestonecr@dedecms.com,Female,200.251.72.240
461,Burnaby,Veronique,bveroniquecs@time.com,Male,212.50.98.145
462,Gibbie,Alfonso,galfonsoct@arizona.edu,Male,212.213.97.56
463,Alexandra,Glencrosche,aglencroschecu@bravesites.com,Female,30.249.2.214
464,Darlene,Carville,dcarvillecv@redcross.org,Polygender,32.230.156.83
465,Hali,Giorgietto,hgiorgiettocw@blogs.com,Female,233.45.173.117
466,Cam,Matuszynski,cmatuszynskicx@fastcompany.com,Male,29.121.219.83
467,Opalina,Rydeard,orydeardcy@weibo.com,Non-binary,31.114.114.245
468,Jeff,Vizard,jvizardcz@free.fr,Male,26.164.111.98
469,Ahmed,Corringham,acorringhamd0@upenn.edu,Male,21.142.58.253
470,Torr,Marr,tmarrd1@cbslocal.com,Non-binary,36.207.183.196
471,Emile,Pockett,epockettd2@taobao.com,Male,34.8.120.6
472,Jaymie,Hyams,jhyamsd3@csmonitor.com,Male,219.227.250.59
473,Talia,Booth,tboothd4@seesaa.net,Female,66.22.241.241
474,Stanton,Shewery,ssheweryd5@paginegialle.it,Agender,195.136.165.74
475,Tova,Van Arsdalen,tvanarsdalend6@wp.com,Female,115.0.171.192
476,Tootsie,Devey,tdeveyd7@over-blog.com,Female,208.144.167.245
477,Esta,Bricknell,ebricknelld8@acquirethisname.com,Female,154.171.231.113
478,Baird,Floyed,bfloyedd9@adobe.com,Male,83.198.234.190
479,Maxine,Fakes,mfakesda@moonfruit.com,Non-binary,179.116.82.78
480,Odo,Aubri,oaubridb@cocolog-nifty.com,Non-binary,255.121.235.69
481,Haze,McQuade,hmcquadedc@buzzfeed.com,Male,228.106.56.208
482,Yolane,Reap,yreapdd@simplemachines.org,Female,102.38.29.231
483,Natty,Crosscombe,ncrosscombede@odnoklassniki.ru,Agender,80.63.236.35
484,Dotti,Sampey,dsampeydf@tumblr.com,Female,115.243.234.68
485,Cletus,Beddie,cbeddiedg@smugmug.com,Genderfluid,50.42.26.145
486,Aida,Legon,alegondh@columbia.edu,Female,126.95.208.254
487,Fifi,Macvey,fmacveydi@mayoclinic.com,Female,23.232.141.123
488,Kerrin,Hurdedge,khurdedgedj@unicef.org,Female,202.199.97.114
489,Sergio,O'Day,sodaydk@slate.com,Male,210.2.142.225
490,Dall,Huster,dhusterdl@cocolog-nifty.com,Male,64.206.173.220
491,Gearard,Simacek,gsimacekdm@themeforest.net,Male,50.134.181.196
492,June,Donat,jdonatdn@github.io,Female,67.196.59.201
493,Terra,Maith,tmaithdo@sciencedaily.com,Female,49.152.212.146
494,Annabell,Dallison,adallisondp@com.com,Female,87.237.3.187
495,Derrick,Kirk,dkirkdq@thetimes.co.uk,Male,224.149.247.98
496,Wynny,Benedite,wbeneditedr@sourceforge.net,Female,201.101.97.203
497,Daven,Coldbathe,dcoldbatheds@t-online.de,Male,69.233.236.90
498,Austin,Beggi,abeggidt@dedecms.com,Non-binary,132.162.104.52
499,Merrick,Soutar,msoutardu@unblog.fr,Male,235.209.50.10
500,Jeffrey,Rowling,jrowlingdv@google.cn,Male,96.92.137.131
501,Renaud,Hamby,rhambydw@hibu.com,Male,223.251.135.217
502,Fanchon,Lonie,floniedx@ifeng.com,Female,98.190.44.115
503,Hayes,De La Salle,hdelasalledy@state.gov,Male,157.160.212.241
504,Bar,Saxelby,bsaxelbydz@dailymotion.com,Male,143.157.227.20
505,Marci,Flear,mfleare0@arstechnica.com,Female,90.215.114.86
506,Antonetta,Camosso,acamossoe1@jimdo.com,Female,238.244.241.223
507,Ganny,Clausson,gclaussone2@ftc.gov,Male,108.118.49.26
508,Curt,Devanny,cdevannye3@hubpages.com,Male,188.37.141.8
509,Barrie,Villa,bvillae4@google.fr,Male,37.106.162.255
510,Christoper,Boni,cbonie5@nature.com,Male,106.137.109.56
511,Melicent,Mcsarry,mmcsarrye6@last.fm,Female,46.231.113.7
512,Denney,Hatherleigh,dhatherleighe7@examiner.com,Male,96.10.204.30
513,Hobart,Duerden,hduerdene8@furl.net,Male,138.224.177.24
514,Martina,Nerne,mnernee9@oaic.gov.au,Female,6.24.217.125
515,Kleon,Hatzar,khatzarea@furl.net,Male,127.84.242.72
516,Lurlene,Dockrell,ldockrelleb@dell.com,Female,253.10.56.1
517,Merrick,Ulster,mulsterec@vistaprint.com,Male,109.135.247.61
518,Prent,Boxer,pboxered@drupal.org,Male,0.164.21.58
519,Hubie,Zute,hzuteee@unc.edu,Male,41.30.93.138
520,Corene,Lapides,clapidesef@jugem.jp,Female,42.126.72.143
521,Anatole,Bordiss,abordisseg@harvard.edu,Male,183.148.4.240
522,Jules,Coupland,jcouplandeh@squidoo.com,Male,196.66.89.114
523,Virgie,Creebo,vcreeboei@hhs.gov,Female,24.223.240.221
524,Brnaba,Feldman,bfeldmanej@wikispaces.com,Male,202.211.115.6
525,Jolene,Manvelle,jmanvelleek@deviantart.com,Female,30.127.116.191
526,Iosep,Dewhurst,idewhurstel@europa.eu,Male,240.57.242.91
527,Jessie,Derr,jderrem@bloglines.com,Genderfluid,235.145.174.182
528,Jennette,Kowalski,jkowalskien@hhs.gov,Female,114.136.198.255
529,Julianna,Kleszinski,jkleszinskieo@theguardian.com,Non-binary,147.163.89.90
530,Kendricks,Jarman,kjarmanep@sakura.ne.jp,Male,206.250.99.223
531,Isobel,Duchenne,iduchenneeq@soundcloud.com,Female,105.215.72.202
532,Germaine,Shrieves,gshrieveser@paypal.com,Male,204.138.89.154
533,Ibbie,Blagbrough,iblagbroughes@mapquest.com,Female,84.226.217.144
534,Wye,Gribble,wgribbleet@bing.com,Male,177.173.147.242
535,Amos,Wattam,awattameu@adobe.com,Male,231.143.228.123
536,Linn,Franey,lfraneyev@stumbleupon.com,Male,97.147.76.52
537,Janetta,Manske,jmanskeew@macromedia.com,Female,155.3.12.14
538,Sampson,Ickeringill,sickeringillex@nsw.gov.au,Male,152.24.126.79
539,Halette,Jeyes,hjeyesey@mozilla.org,Female,164.109.248.142
540,Frederigo,Hamsley,fhamsleyez@slideshare.net,Male,253.117.0.58
541,Mikel,Ludovici,mludovicif0@wordpress.org,Male,136.245.182.102
542,Shelby,Phelit,sphelitf1@gizmodo.com,Male,119.175.248.206
543,Erica,Giffard,egiffardf2@tinypic.com,Female,21.158.154.166
544,Lucinda,Whichelow,lwhichelowf3@cnn.com,Female,67.65.31.203
545,Cord,Willett,cwillettf4@hp.com,Male,157.61.196.112
546,Herbie,Sanper,hsanperf5@miitbeian.gov.cn,Male,184.32.27.217
547,Nelson,Lismer,nlismerf6@ehow.com,Male,57.198.50.189
548,Levi,Lilleman,llillemanf7@ocn.ne.jp,Male,37.168.162.106
549,Ruy,Barbier,rbarbierf8@cisco.com,Male,76.158.41.130
550,Berenice,Rowntree,browntreef9@mediafire.com,Polygender,22.134.126.184
551,Wilhelmine,Bain,wbainfa@google.it,Female,209.150.110.160
552,Bonnibelle,Churchward,bchurchwardfb@hugedomains.com,Bigender,235.64.33.120
553,Whitby,Mapowder,wmapowderfc@chicagotribune.com,Male,34.105.100.19
554,Minny,Mardy,mmardyfd@businessweek.com,Female,45.245.148.39
555,Lyda,Josebury,ljoseburyfe@macromedia.com,Female,135.135.247.85
556,Felicia,Voyce,fvoyceff@privacy.gov.au,Female,240.251.2.167
557,Caril,Ecclestone,cecclestonefg@wiley.com,Female,106.43.74.230
558,Whittaker,Tompkinson,wtompkinsonfh@redcross.org,Male,24.40.56.223
559,Bryan,Broseman,bbrosemanfi@amazon.co.jp,Male,37.119.136.243
560,Brigid,Pitson,bpitsonfj@admin.ch,Female,82.161.178.78
561,Gibb,Colston,gcolstonfk@php.net,Male,176.90.175.173
562,Linnie,Chaffen,lchaffenfl@github.com,Female,112.4.250.240
563,Pansy,Fesby,pfesbyfm@va.gov,Female,67.171.91.40
564,Remy,Pirazzi,rpirazzifn@hp.com,Female,38.240.169.21
565,Kirbee,Mackrell,kmackrellfo@4shared.com,Female,101.105.111.131
566,Lianne,Luckings,lluckingsfp@xing.com,Female,146.147.54.67
567,Alana,Edlyn,aedlynfq@wsj.com,Female,96.164.217.8
568,Miriam,Doutch,mdoutchfr@mapquest.com,Female,157.109.151.86
569,Merilyn,Fulford,mfulfordfs@seattletimes.com,Female,207.44.116.183
570,Rafaelia,Rooson,rroosonft@home.pl,Female,200.139.3.164
571,Parnell,Kauffman,pkauffmanfu@ibm.com,Male,51.39.64.218
572,Travis,Hiner,thinerfv@multiply.com,Male,114.241.135.149
573,Barnabas,Candelin,bcandelinfw@latimes.com,Non-binary,133.252.12.184
574,Kris,Ruperto,krupertofx@list-manage.com,Female,164.143.247.43
575,Bettye,Wraighte,bwraightefy@cnn.com,Female,97.98.242.45
576,Chevalier,Banisch,cbanischfz@tumblr.com,Male,5.75.67.203
577,Aile,Bliben,ablibeng0@nytimes.com,Female,178.246.106.40
578,Dennis,Rattery,dratteryg1@ifeng.com,Male,152.99.234.242
579,Iolande,Lenaghen,ilenagheng2@discovery.com,Female,23.85.122.21
580,Tatum,Lowers,tlowersg3@devhub.com,Female,81.20.34.171
581,Charles,Akid,cakidg4@imageshack.us,Polygender,72.0.130.27
582,Ginger,Debow,gdebowg5@tiny.cc,Female,40.64.125.14
583,Nevins,Milland,nmillandg6@gov.uk,Male,109.70.94.95
584,Ingaborg,Koop,ikoopg7@princeton.edu,Female,91.205.149.235
585,Vergil,Millbank,vmillbankg8@technorati.com,Male,213.228.165.32
586,Salaidh,Absolem,sabsolemg9@theglobeandmail.com,Agender,234.181.94.161
587,Lory,Ameer-Beg,lameerbegga@redcross.org,Female,69.181.108.84
588,Maurita,Ling,mlinggb@netlog.com,Female,209.143.233.87
589,Isaak,Hicks,ihicksgc@soundcloud.com,Male,9.127.25.197
590,Virgil,Hairon,vhairongd@spiegel.de,Male,48.255.242.202
591,Elias,Spriggs,espriggsge@cnet.com,Male,168.56.53.37
592,Edgardo,Vel,evelgf@vk.com,Male,251.104.63.211
593,Harlin,Shakshaft,hshakshaftgg@ucoz.com,Male,82.110.197.109
594,Elicia,Mulhall,emulhallgh@discuz.net,Female,26.149.237.204
595,Jermain,Steanson,jsteansongi@domainmarket.com,Male,164.4.166.84
596,Nap,Yurygyn,nyurygyngj@bizjournals.com,Male,164.243.244.66
597,Fanechka,Jiruch,fjiruchgk@ucoz.com,Female,88.207.15.217
598,Marleah,Welberry,mwelberrygl@google.fr,Female,23.144.117.93
599,Abbott,Grimbleby,agrimblebygm@jugem.jp,Male,193.101.79.151
600,Nydia,Pawlik,npawlikgn@prweb.com,Female,155.206.22.41
601,Cornell,Glyne,cglynego@nature.com,Male,72.164.218.64
602,Merell,Brixham,mbrixhamgp@slate.com,Male,203.80.93.118
603,Case,Basset,cbassetgq@deliciousdays.com,Male,71.223.221.237
604,Harmonie,Madrell,hmadrellgr@census.gov,Female,16.43.213.152
605,Winona,Tadlow,wtadlowgs@whitehouse.gov,Female,239.28.148.246
606,Susie,Brahm,sbrahmgt@businessweek.com,Female,223.115.2.243
607,Kimmie,Hilldrup,khilldrupgu@people.com.cn,Female,219.17.116.210
608,Dari,Bonafant,dbonafantgv@ucla.edu,Female,27.10.253.82
609,Putnam,Speare,pspearegw@yelp.com,Male,215.208.83.73
610,Linnet,Hardwin,lhardwingx@mtv.com,Female,111.226.212.150
611,Valencia,Cotta,vcottagy@npr.org,Female,210.66.93.206
612,Hedvige,Gregoriou,hgregoriougz@icio.us,Female,5.209.156.13
613,Sallie,Rottcher,srottcherh0@flavors.me,Female,39.18.193.136
614,Marget,Kilgallen,mkilgallenh1@netlog.com,Female,84.51.229.214
615,Gabriello,Train,gtrainh2@myspace.com,Male,90.219.82.125
616,Eustacia,Paolotto,epaolottoh3@google.ru,Genderqueer,49.213.173.155
617,Darin,Kidgell,dkidgellh4@live.com,Agender,119.90.17.243
618,Delphine,Josifovic,djosifovich5@about.me,Female,129.9.128.60
619,Karlik,Saylor,ksaylorh6@hhs.gov,Male,119.1.47.90
620,Sophey,Pech,spechh7@yale.edu,Genderfluid,178.145.56.210
621,Shandie,Paulack,spaulackh8@mail.ru,Female,190.86.143.163
622,Teresina,Hritzko,thritzkoh9@sfgate.com,Female,25.79.131.74
623,Edeline,Westhead,ewestheadha@jigsy.com,Female,191.154.238.188
624,Madalyn,Cooling,mcoolinghb@hao123.com,Female,152.42.122.54
625,Egon,Rhyme,erhymehc@earthlink.net,Male,123.1.162.129
626,Harlie,Westman,hwestmanhd@miibeian.gov.cn,Female,45.250.22.87
627,Reid,Farndell,rfarndellhe@state.tx.us,Male,77.14.230.32
628,Jacenta,Fawdry,jfawdryhf@reuters.com,Female,120.140.2.146
629,Nicko,Paggitt,npaggitthg@stumbleupon.com,Male,134.94.175.178
630,Guglielma,Domoney,gdomoneyhh@printfriendly.com,Female,19.101.23.223
631,Babette,Heis,bheishi@ucla.edu,Female,126.189.199.210
632,Hillary,Riggs,hriggshj@ehow.com,Female,7.227.165.81
633,Ree,Evert,reverthk@dagondesign.com,Female,136.127.197.149
634,Nixie,McCoish,nmccoishhl@phoca.cz,Female,43.178.97.143
635,Jodi,McConnal,jmcconnalhm@sina.com.cn,Male,191.11.230.164
636,Cazzie,Slatford,cslatfordhn@japanpost.jp,Male,234.248.225.170
637,Delainey,Binding,dbindingho@indiatimes.com,Male,55.169.121.120
638,Edy,Crittal,ecrittalhp@bigcartel.com,Female,200.144.54.217
639,Cully,Fisbburne,cfisbburnehq@yandex.ru,Male,248.44.63.163
640,Raynor,Springall,rspringallhr@networkadvertising.org,Male,222.158.164.141
641,Birk,Brazur,bbrazurhs@boston.com,Male,65.242.148.165
642,Cahra,Shackell,cshackellht@noaa.gov,Female,204.168.80.59
643,Hesther,Leverage,hleveragehu@youku.com,Female,26.125.33.36
644,Conrade,Van Oord,cvanoordhv@foxnews.com,Male,202.39.94.45
645,Rica,Pyecroft,rpyecrofthw@sbwire.com,Agender,52.160.129.183
646,Royce,Forson,rforsonhx@forbes.com,Male,143.56.141.63
647,Jasmine,MacGuigan,jmacguiganhy@google.com,Female,52.63.158.51
648,Leo,Yakob,lyakobhz@meetup.com,Male,175.0.161.145
649,Lora,Tewkesbury,ltewkesburyi0@japanpost.jp,Female,183.21.65.72
650,Emilee,Spenton,espentoni1@mac.com,Female,87.218.20.92
651,Gregoire,Matteau,gmatteaui2@ucla.edu,Male,209.193.229.211
652,Nathanil,Skelbeck,nskelbecki3@icio.us,Male,254.38.97.223
653,Sarita,Mathou,smathoui4@hc360.com,Female,117.239.228.28
654,Mara,Grayshan,mgrayshani5@sina.com.cn,Female,111.95.3.6
655,Thorpe,Wardhaugh,twardhaughi6@comcast.net,Male,97.139.209.57
656,Lannie,Doumerc,ldoumerci7@rambler.ru,Male,30.134.249.158
657,Jo-ann,Byfield,jbyfieldi8@reuters.com,Female,245.193.91.10
658,Reinhold,Laraway,rlarawayi9@comcast.net,Male,28.215.161.9
659,Rudolph,Mayou,rmayouia@sakura.ne.jp,Male,225.185.18.186
660,Justis,Gallihawk,jgallihawkib@hubpages.com,Male,255.48.68.38
661,Jo-anne,Alcide,jalcideic@jigsy.com,Female,211.177.203.97
662,Nissa,Russi,nrussiid@sphinn.com,Female,246.58.178.249
663,Lavina,Greenley,lgreenleyie@nifty.com,Female,226.255.171.171
664,Izabel,Vasenin,ivaseninif@yolasite.com,Female,110.231.36.110
665,Ray,Valencia,rvalenciaig@nature.com,Male,54.204.244.177
666,Andie,MacDowall,amacdowallih@histats.com,Male,57.62.85.206
667,Moore,Weins,mweinsii@icio.us,Male,34.71.55.1
668,Modestia,Brettell,mbrettellij@infoseek.co.jp,Female,13.130.239.189
669,Melosa,Polhill,mpolhillik@rakuten.co.jp,Bigender,237.20.159.206
670,Ann-marie,Gethin,agethinil@hubpages.com,Female,255.247.145.176
671,Jarad,Morant,jmorantim@dropbox.com,Male,26.119.223.10
672,Callean,Pfiffer,cpfifferin@indiegogo.com,Male,121.95.108.184
673,Ahmad,Thorsen,athorsenio@domainmarket.com,Polygender,35.200.34.52
674,Doralynn,Dillway,ddillwayip@virginia.edu,Female,213.123.216.41
675,Joana,Kobke,jkobkeiq@rakuten.co.jp,Female,119.141.153.1
676,Avigdor,Memory,amemoryir@springer.com,Male,253.139.79.165
677,Rosco,Keach,rkeachis@nps.gov,Male,149.107.56.140
678,Dov,Hirthe,dhirtheit@blogger.com,Male,179.83.164.218
679,North,Sickamore,nsickamoreiu@twitpic.com,Male,203.142.40.27
680,Franchot,Colicot,fcolicotiv@sbwire.com,Male,96.212.27.144
681,Derward,Elfes,delfesiw@virginia.edu,Male,133.196.78.14
682,Charita,Lilly,clillyix@cnbc.com,Female,73.161.67.225
683,Silvanus,Sieghart,ssieghartiy@berkeley.edu,Male,164.99.106.15
684,Myrlene,Inwood,minwoodiz@yolasite.com,Female,196.94.238.154
685,Perceval,Vowdon,pvowdonj0@tinyurl.com,Male,121.193.244.43
686,Edwin,MacNeilley,emacneilleyj1@wufoo.com,Male,219.56.22.147
687,Nanci,Ivanuschka,nivanuschkaj2@cmu.edu,Female,82.250.95.248
688,Rowney,Binion,rbinionj3@phoca.cz,Male,99.252.142.127
689,Thorvald,Henstone,thenstonej4@people.com.cn,Male,32.56.112.43
690,Nikita,Gravenor,ngravenorj5@friendfeed.com,Bigender,224.219.233.255
691,Culley,Gaddie,cgaddiej6@tamu.edu,Male,187.248.52.224
692,Vicki,Royall,vroyallj7@yolasite.com,Female,126.67.235.84
693,Tim,Holgan,tholganj8@tamu.edu,Female,245.232.216.38
694,Yovonnda,Skittreal,yskittrealj9@ehow.com,Polygender,109.106.128.12
695,Ari,McCerery,amccereryja@shareasale.com,Male,205.150.173.87
696,Christoper,Lambertini,clambertinijb@auda.org.au,Male,142.93.232.10
697,Ethyl,Phinnessy,ephinnessyjc@globo.com,Female,254.67.10.113
698,Demetri,McGuffog,dmcguffogjd@free.fr,Male,62.208.91.67
699,Wanda,Virgin,wvirginje@washingtonpost.com,Bigender,68.91.4.13
700,Adolf,Flanagan,aflanaganjf@google.com.br,Genderqueer,251.114.159.46
701,Armstrong,Labbez,alabbezjg@live.com,Male,222.218.245.172
702,Kliment,Hauxwell,khauxwelljh@lulu.com,Male,138.16.224.201
703,Rainer,Skirling,rskirlingji@example.com,Male,219.11.0.73
704,Camellia,Joinsey,cjoinseyjj@amazon.de,Agender,181.243.64.136
705,Pascale,Rodda,proddajk@cnbc.com,Male,226.172.48.117
706,Regan,MacDonell,rmacdonelljl@imgur.com,Male,135.196.198.97
707,Hana,Kochs,hkochsjm@altervista.org,Female,234.244.19.196
708,Bernadette,Brentnall,bbrentnalljn@dailymotion.com,Female,175.80.108.32
709,Erica,Jarrett,ejarrettjo@wunderground.com,Polygender,52.166.111.189
710,Zora,Osant,zosantjp@usa.gov,Female,104.176.15.218
711,Ingar,Balfour,ibalfourjq@123-reg.co.uk,Male,202.166.167.188
712,Marchall,Bartali,mbartalijr@springer.com,Male,132.183.118.248
713,Ansley,Huelin,ahuelinjs@bloglines.com,Female,84.151.208.170
714,Adrianna,Senussi,asenussijt@homestead.com,Female,146.24.113.216
715,Ingelbert,Egger,ieggerju@photobucket.com,Male,102.31.14.11
716,Stanfield,Ollerton,sollertonjv@narod.ru,Male,210.34.87.92
717,Silvester,Poytheras,spoytherasjw@unblog.fr,Male,248.136.245.66
718,Raymond,Towner,rtownerjx@tripod.com,Male,125.109.22.12
719,Letta,Edmonston,ledmonstonjy@shutterfly.com,Female,171.106.201.169
720,Porter,Leathes,pleathesjz@mapquest.com,Male,253.221.107.180
721,Carver,Meneer,cmeneerk0@hao123.com,Male,50.252.255.86
722,Jennine,Arrington,jarringtonk1@japanpost.jp,Female,55.19.174.129
723,Gaile,O'Heaney,goheaneyk2@hibu.com,Male,104.242.11.41
724,Ricard,Itzchaki,ritzchakik3@unicef.org,Male,1.106.24.107
725,Alberto,Mingus,amingusk4@cbsnews.com,Male,70.109.81.183
726,Terrye,Godley,tgodleyk5@washingtonpost.com,Female,9.167.243.148
727,Marnie,Bourgeois,mbourgeoisk6@chicagotribune.com,Agender,193.25.73.127
728,Kristian,Hartmann,khartmannk7@sun.com,Male,161.237.124.180
729,Ketti,Ambrosi,kambrosik8@archive.org,Female,140.226.26.124
730,Kathe,Simmings,ksimmingsk9@va.gov,Female,37.110.69.207
731,Leigh,Corran,lcorranka@dot.gov,Male,89.79.207.55
732,Jessalin,Harmson,jharmsonkb@netlog.com,Female,25.252.158.7
733,Gloriane,Northway,gnorthwaykc@sogou.com,Female,248.213.242.203
734,Benoite,Cathrall,bcathrallkd@sphinn.com,Female,164.9.171.11
735,Lilas,Pitrollo,lpitrolloke@indiegogo.com,Female,90.129.106.138
736,Sharona,Zuan,szuankf@google.ca,Genderfluid,149.90.237.135
737,Prue,Worsom,pworsomkg@dropbox.com,Female,27.10.24.48
738,Brenden,Mosdell,bmosdellkh@networkadvertising.org,Male,37.76.18.165
739,Roshelle,Scuse,rscuseki@usda.gov,Female,7.54.42.221
740,Alic,McWhan,amcwhankj@de.vu,Male,215.136.201.242
741,Patti,Boud,pboudkk@oracle.com,Female,217.21.196.87
742,Barclay,Svanetti,bsvanettikl@google.co.uk,Male,140.223.98.100
743,Jessey,Plott,jplottkm@thetimes.co.uk,Male,208.163.68.78
744,Amalita,Sherlock,asherlockkn@github.io,Female,89.1.106.43
745,Dorthea,Lambourne,dlambourneko@1688.com,Genderqueer,129.31.33.147
746,Drew,Ingerman,dingermankp@census.gov,Male,75.18.205.36
747,Kenyon,McNish,kmcnishkq@smh.com.au,Male,18.117.80.207
748,Melosa,Fabri,mfabrikr@quantcast.com,Female,83.245.36.132
749,Palm,Strugnell,pstrugnellks@skyrock.com,Male,45.139.204.174
750,Laina,Farr,lfarrkt@eventbrite.com,Female,229.134.157.143
751,Thor,Corde,tcordeku@wikia.com,Male,63.173.144.113
752,Linea,Kibby,lkibbykv@scribd.com,Female,142.86.213.144
753,Wiatt,Anfosso,wanfossokw@illinois.edu,Male,167.60.104.216
754,Cassy,Ragborne,cragbornekx@hud.gov,Female,173.76.194.19
755,Sabra,Le Blond,sleblondky@digg.com,Female,97.130.140.172
756,Melisa,Cooksey,mcookseykz@telegraph.co.uk,Female,208.170.13.51
757,Essa,Krollmann,ekrollmannl0@biblegateway.com,Agender,189.50.39.130
758,Cassie,Sheryne,csherynel1@so-net.ne.jp,Female,153.110.162.88
759,Ingeberg,Whitemarsh,iwhitemarshl2@furl.net,Female,75.252.186.88
760,Lombard,Whorlton,lwhorltonl3@tinypic.com,Agender,199.248.93.36
761,Bryana,Swayland,bswaylandl4@etsy.com,Female,68.104.130.140
762,Geralda,Manuaud,gmanuaudl5@cbsnews.com,Female,111.254.82.37
763,Stormi,Masic,smasicl6@illinois.edu,Female,65.106.115.236
764,Cyndi,Crenage,ccrenagel7@weather.com,Female,128.157.165.108
765,Alleyn,Waslin,awaslinl8@bigcartel.com,Male,135.3.253.30
766,Sonnie,Andrieu,sandrieul9@virginia.edu,Genderfluid,119.209.78.236
767,Borg,Batting,bbattingla@msn.com,Male,17.105.203.150
768,Kent,Massel,kmassellb@zdnet.com,Male,176.236.235.65
769,Adolf,Mallall,amallalllc@printfriendly.com,Male,132.93.129.247
770,Natty,Berndtsson,nberndtssonld@eventbrite.com,Male,248.226.118.61
771,Cherilynn,Bultitude,cbultitudele@redcross.org,Female,130.67.151.147
772,Katy,Tempest,ktempestlf@dmoz.org,Female,251.223.112.37
773,Ethelda,Tew,etewlg@elpais.com,Female,240.124.103.130
774,Sigmund,Bangley,sbangleylh@addtoany.com,Male,100.155.218.132
775,Kristofor,Lamboll,klambollli@cyberchimps.com,Male,96.39.21.7
776,Herrick,Januszewicz,hjanuszewiczlj@mozilla.org,Male,83.130.143.15
777,Simmonds,Donaldson,sdonaldsonlk@desdev.cn,Male,102.7.35.123
778,Karlen,Robillard,krobillardll@ca.gov,Female,120.112.172.17
779,Sadella,Jelk,sjelklm@umich.edu,Non-binary,46.201.82.229
780,Herminia,Weedon,hweedonln@surveymonkey.com,Female,120.6.31.220
781,Goraud,La Padula,glapadulalo@dailymotion.com,Male,86.128.144.204
782,Elizabet,Sibbert,esibbertlp@hao123.com,Genderfluid,139.123.62.104
783,Erv,Camillo,ecamillolq@businessweek.com,Male,189.142.206.197
784,Grantham,Lapenna,glapennalr@nyu.edu,Male,172.69.13.146
785,Jamey,Pithie,jpithiels@paypal.com,Male,186.207.64.171
786,Darya,Alen,dalenlt@auda.org.au,Female,71.163.236.25
787,Kellby,Killen,kkillenlu@shutterfly.com,Male,239.112.161.20
788,Chadd,Stutter,cstutterlv@baidu.com,Male,9.112.150.176
789,Giraldo,Sholem,gsholemlw@buzzfeed.com,Male,61.55.118.215
790,Yehudi,Malden,ymaldenlx@goo.ne.jp,Genderqueer,65.45.100.83
791,Vassily,Simeone,vsimeonely@fc2.com,Male,235.214.93.89
792,Mame,Capron,mcapronlz@mlb.com,Female,251.52.124.6
793,Kordula,Gouth,kgouthm0@networkadvertising.org,Female,152.201.94.188
794,Noby,Verlinde,nverlindem1@netscape.com,Male,53.114.150.232
795,Vincenty,Simka,vsimkam2@webs.com,Male,21.235.211.100
796,Bailey,Nelmes,bnelmesm3@businessweek.com,Male,235.103.194.100
797,Merridie,Thurley,mthurleym4@etsy.com,Female,117.179.29.162
798,Cathy,Haller,challerm5@foxnews.com,Female,234.116.38.109
799,Lorettalorna,Shaughnessy,lshaughnessym6@usnews.com,Female,29.223.135.52
800,Merle,Jolin,mjolinm7@163.com,Male,178.42.161.194
801,Jermaine,Riping,jripingm8@sphinn.com,Male,93.14.104.23
802,Jeno,Spitaro,jspitarom9@linkedin.com,Male,148.185.227.142
803,Rania,Kersaw,rkersawma@wikipedia.org,Female,79.209.25.11
804,Kellen,Walthall,kwalthallmb@craigslist.org,Genderqueer,85.111.156.164
805,Brittni,Georgeon,bgeorgeonmc@freewebs.com,Female,157.95.51.128
806,Sanders,Sayer,ssayermd@tamu.edu,Male,192.159.237.51
807,Ddene,Buck,dbuckme@engadget.com,Female,202.181.12.67
808,Nikita,Pheasey,npheaseymf@g.co,Male,254.227.196.153
809,Bayard,Critcher,bcritchermg@tiny.cc,Male,40.23.22.25
810,Moritz,Garlicke,mgarlickemh@theguardian.com,Non-binary,211.240.254.13
811,Greta,Greenshiels,ggreenshielsmi@stanford.edu,Female,3.240.79.41
812,Jeanine,Hakonsson,jhakonssonmj@guardian.co.uk,Genderqueer,121.80.132.135
813,Derrek,MacCafferty,dmaccaffertymk@squidoo.com,Male,59.196.98.117
814,Almeria,Twell,atwellml@usgs.gov,Female,108.35.221.176
815,Corena,Primak,cprimakmm@networkadvertising.org,Female,80.159.85.95
816,Laurena,Gigg,lgiggmn@stumbleupon.com,Female,130.214.45.238
817,Bent,Kilfether,bkilfethermo@123-reg.co.uk,Bigender,46.21.136.100
818,Georgianna,Donnett,gdonnettmp@bluehost.com,Female,26.96.179.69
819,Talbert,Sealy,tsealymq@businesswire.com,Male,77.179.174.32
820,Lorelle,Fairs,lfairsmr@army.mil,Female,223.243.39.72
821,Farly,Cowper,fcowperms@bloomberg.com,Male,111.215.72.75
822,Bobby,Moyser,bmoysermt@photobucket.com,Female,96.83.28.100
823,Stephani,Greader,sgreadermu@cdc.gov,Female,108.7.41.226
824,Wynny,Kinchley,wkinchleymv@sphinn.com,Female,69.7.60.111
825,Odie,Lindenblatt,olindenblattmw@imdb.com,Male,171.25.92.6
826,Casey,Matzaitis,cmatzaitismx@g.co,Female,135.88.134.180
827,Dale,Skeen,dskeenmy@addtoany.com,Female,97.2.79.188
828,Caryl,Veevers,cveeversmz@topsy.com,Female,102.95.147.188
829,Tamra,Slogrove,tslogroven0@fotki.com,Female,97.75.33.71
830,Stefan,Alliston,sallistonn1@mac.com,Male,78.112.19.47
831,Sheelah,Eckersall,seckersalln2@ibm.com,Female,64.14.11.113
832,Missie,Clemonts,mclemontsn3@kickstarter.com,Female,4.3.213.77
833,Grace,Shalloo,gshalloon4@umn.edu,Male,159.139.213.112
834,Cristie,Darton,cdartonn5@lycos.com,Female,173.5.38.204
835,Maegan,Polino,mpolinon6@wired.com,Female,233.214.131.115
836,Delbert,Brookzie,dbrookzien7@opensource.org,Male,33.51.207.45
837,Bartram,Dubose,bdubosen8@myspace.com,Male,151.151.203.155
838,Hillie,Maasze,hmaaszen9@quantcast.com,Male,171.48.45.11
839,Freedman,Sprason,fsprasonna@symantec.com,Male,153.231.81.156
840,Englebert,Hing,ehingnb@phpbb.com,Non-binary,232.133.174.144
841,Mavis,Denisovich,mdenisovichnc@facebook.com,Female,213.239.15.250
842,Mayor,Poon,mpoonnd@toplist.cz,Male,68.222.218.179
843,Oralle,Bohlsen,obohlsenne@epa.gov,Female,4.135.206.190
844,Kizzee,Casbourne,kcasbournenf@mtv.com,Female,242.210.182.186
845,Sharleen,Broy,sbroyng@bing.com,Female,26.198.158.94
846,Katharyn,Decayette,kdecayettenh@shareasale.com,Female,122.159.247.65
847,James,Scoullar,jscoullarni@slideshare.net,Male,240.152.95.201
848,Lucio,Blodget,lblodgetnj@europa.eu,Male,179.185.93.0
849,Jen,Grassin,jgrassinnk@buzzfeed.com,Female,36.32.59.83
850,Adeline,Sawle,asawlenl@yahoo.co.jp,Female,78.131.243.65
851,Somerset,Crebo,screbonm@bizjournals.com,Male,40.149.99.72
852,Estella,Gouldthorpe,egouldthorpenn@cafepress.com,Bigender,80.42.69.187
853,Marjy,Hoyte,mhoyteno@google.ca,Female,213.19.221.157
854,Veradis,Need,vneednp@sitemeter.com,Female,119.165.108.14
855,Sonia,Learman,slearmannq@ameblo.jp,Female,57.183.155.209
856,Lyn,Schultes,lschultesnr@dropbox.com,Male,100.154.253.16
857,Patton,Garrould,pgarrouldns@nydailynews.com,Male,195.183.142.221
858,Alejoa,Nystrom,anystromnt@sohu.com,Male,52.117.158.194
859,Poppy,Brockett,pbrockettnu@liveinternet.ru,Female,6.150.220.131
860,Cornell,Willmett,cwillmettnv@amazonaws.com,Male,65.86.20.56
861,Elizabet,Ivakin,eivakinnw@who.int,Female,46.133.170.239
862,Susanna,Parcells,sparcellsnx@cyberchimps.com,Female,57.85.248.249
863,Avery,Evanson,aevansonny@kickstarter.com,Male,113.7.2.235
864,Homere,Stutely,hstutelynz@webs.com,Male,54.108.157.11
865,Pamelina,Sommerlie,psommerlieo0@domainmarket.com,Female,240.136.45.148
866,Marchall,Cuerdale,mcuerdaleo1@mozilla.org,Male,52.219.147.48
867,Dory,Blackah,dblackaho2@dropbox.com,Female,143.201.84.199
868,Josh,Joris,jjoriso3@miibeian.gov.cn,Male,201.4.8.207
869,Kacie,Chesworth,kcheswortho4@yahoo.com,Female,200.177.105.11
870,Meredith,Dufaire,mdufaireo5@blogtalkradio.com,Male,207.78.247.216
871,Debor,Adolfson,dadolfsono6@friendfeed.com,Female,78.30.87.194
872,Sharlene,Inchbald,sinchbaldo7@behance.net,Female,150.71.60.152
873,Raddy,Worcester,rworcestero8@washington.edu,Male,101.119.72.111
874,Delmor,Branscombe,dbranscombeo9@de.vu,Male,186.15.145.103
875,Travis,Letterick,tletterickoa@naver.com,Male,1.56.1.20
876,Aubrette,Skermer,askermerob@cocolog-nifty.com,Bigender,27.61.212.136
877,Harald,Harral,hharraloc@techcrunch.com,Male,186.218.153.174
878,Heindrick,Carss,hcarssod@bandcamp.com,Male,72.94.65.139
879,Libbey,Valois,lvaloisoe@xrea.com,Female,162.54.55.241
880,Lane,Erwin,lerwinof@mlb.com,Female,65.237.241.106
881,Shurlock,Road,sroadog@amazon.co.jp,Male,99.201.2.56
882,Chloe,Loalday,cloaldayoh@unicef.org,Female,0.41.158.222
883,Cammi,Piddlehinton,cpiddlehintonoi@census.gov,Female,12.243.167.152
884,Aubrey,Woodman,awoodmanoj@ft.com,Female,201.74.62.160
885,Una,Lidgertwood,ulidgertwoodok@oakley.com,Female,81.83.184.255
886,Kathy,Elijah,kelijahol@dmoz.org,Female,206.134.150.98
887,Ambros,Stillman,astillmanom@yolasite.com,Male,170.221.171.92
888,Jermaine,Kellaway,jkellawayon@ucoz.com,Female,171.4.106.250
889,Zabrina,Dransfield,zdransfieldoo@ustream.tv,Female,34.31.96.115
890,Bertina,Cowie,bcowieop@ebay.co.uk,Female,68.150.252.180
891,Arliene,Cummine,acummineoq@ft.com,Female,67.144.56.165
892,Wynnie,Feige,wfeigeor@cargocollective.com,Female,93.33.53.27
893,Kellia,Grix,kgrixos@dedecms.com,Female,90.115.196.230
894,Johnnie,Haydock,jhaydockot@cnet.com,Male,94.99.40.232
895,Shela,Batrim,sbatrimou@icio.us,Female,105.43.22.102
896,Shane,Pendleton,spendletonov@state.tx.us,Female,166.204.162.176
897,Melinde,Keays,mkeaysow@cnbc.com,Female,108.2.79.78
898,Ludvig,Schrir,lschrirox@blinklist.com,Male,14.232.234.165
899,Paulie,Camellini,pcamellinioy@yahoo.com,Female,109.162.224.245
900,Charo,Mityukov,cmityukovoz@wikipedia.org,Female,73.45.147.195
901,Vasilis,Cheeney,vcheeneyp0@ucoz.com,Male,215.170.38.228
902,Mandie,Lynam,mlynamp1@umn.edu,Female,39.107.25.232
903,Henryetta,Fidge,hfidgep2@360.cn,Female,12.130.190.21
904,Remus,Jeffels,rjeffelsp3@globo.com,Male,218.222.253.131
905,Bertrando,Mixon,bmixonp4@dailymail.co.uk,Male,21.29.101.99
906,Osborn,Kroger,okrogerp5@cisco.com,Male,70.110.168.157
907,Joletta,Wise,jwisep6@google.com.br,Female,210.133.105.123
908,Vanny,Soigne,vsoignep7@livejournal.com,Female,99.112.50.24
909,Theo,Tolchar,ttolcharp8@issuu.com,Male,102.40.247.138
910,Devina,Blackledge,dblackledgep9@google.cn,Female,43.101.203.221
911,Charmain,Mathiassen,cmathiassenpa@pinterest.com,Female,210.208.238.91
912,Siffre,Branch,sbranchpb@cyberchimps.com,Male,96.153.3.156
913,Dallon,Manuelli,dmanuellipc@buzzfeed.com,Male,127.13.157.247
914,Ford,Banner,fbannerpd@abc.net.au,Genderfluid,7.205.214.145
915,Kenyon,Budibent,kbudibentpe@parallels.com,Male,130.234.72.43
916,Sofie,De Michetti,sdemichettipf@businesswire.com,Female,153.7.138.223
917,Lory,Maidment,lmaidmentpg@vimeo.com,Female,194.12.27.8
918,Marji,Croydon,mcroydonph@ameblo.jp,Female,90.34.31.255
919,Helen-elizabeth,Lamport,hlamportpi@go.com,Female,115.87.224.94
920,Oona,Rattray,orattraypj@ycombinator.com,Female,224.72.116.36
921,Nadiya,Bradd,nbraddpk@istockphoto.com,Bigender,160.61.250.104
922,Maribel,Atkinson,matkinsonpl@home.pl,Agender,128.208.245.208
923,Ailbert,Lawrence,alawrencepm@ebay.com,Male,234.169.60.206
924,Kimmi,Stein,ksteinpn@dedecms.com,Female,229.57.28.241
925,Kain,Grogor,kgrogorpo@nih.gov,Male,230.210.157.5
926,Twila,Wardlow,twardlowpp@plala.or.jp,Female,239.45.126.157
927,Clevey,Pechacek,cpechacekpq@blogspot.com,Male,140.194.143.227
928,Sinclare,Dmisek,sdmisekpr@weibo.com,Male,76.92.10.16
929,Lolita,Gaymar,lgaymarps@weebly.com,Female,104.88.19.246
930,Enrichetta,Stede,estedept@un.org,Female,74.129.102.222
931,Ilise,Emett,iemettpu@gravatar.com,Female,29.232.134.214
932,Florina,Briscoe,fbriscoepv@dailymotion.com,Female,227.211.175.240
933,Lewes,Lindell,llindellpw@google.com.br,Male,108.215.9.213
934,Clarice,Seyfart,cseyfartpx@unicef.org,Female,51.183.46.246
935,Evania,Capelle,ecapellepy@java.com,Female,121.137.7.43
936,Margaret,Methuen,mmethuenpz@eepurl.com,Female,250.178.235.213
937,Forster,Stryde,fstrydeq0@earthlink.net,Male,52.144.104.192
938,Shep,Mabley,smableyq1@wunderground.com,Male,141.124.236.75
939,Rafe,Prue,rprueq2@salon.com,Male,235.72.111.178
940,Killie,Everit,keveritq3@ted.com,Male,221.112.113.113
941,Phillip,McCartan,pmccartanq4@marketwatch.com,Male,12.21.17.165
942,Fitz,Parkisson,fparkissonq5@ning.com,Male,67.215.244.72
943,Odie,D'Elia,odeliaq6@blog.com,Male,221.81.87.75
944,Bobbi,Polsin,bpolsinq7@theguardian.com,Female,169.68.51.114
945,Christyna,Albarez,calbarezq8@github.com,Female,113.110.79.180
946,Chloette,Bitcheno,cbitchenoq9@networkadvertising.org,Agender,226.27.27.78
947,Antonius,Safont,asafontqa@wikispaces.com,Male,219.88.247.76
948,Malchy,Posten,mpostenqb@discuz.net,Agender,19.101.167.0
949,Tildy,Ashbey,tashbeyqc@weibo.com,Female,138.193.131.182
950,Jarred,Althorp,jalthorpqd@tmall.com,Male,201.107.62.64
951,Andrus,Guice,aguiceqe@admin.ch,Male,124.136.68.119
952,Katina,McLarens,kmclarensqf@wunderground.com,Female,243.22.79.45
953,Chelsey,Sexton,csextonqg@examiner.com,Female,250.5.189.219
954,Yetta,Bucksey,ybuckseyqh@microsoft.com,Polygender,225.38.90.109
955,Xerxes,Knutton,xknuttonqi@about.me,Male,166.224.208.248
956,Sherwin,Harbord,sharbordqj@cpanel.net,Male,217.45.239.26
957,Spense,Waslin,swaslinqk@php.net,Male,134.1.77.238
958,Adelaida,Bjorkan,abjorkanql@microsoft.com,Female,152.225.7.55
959,Artemas,Pyrah,apyrahqm@opensource.org,Male,13.129.239.184
960,Lisha,Hand,lhandqn@smugmug.com,Female,196.215.224.251
961,Adara,Flaunders,aflaundersqo@tuttocitta.it,Female,48.150.223.246
962,Marne,Maggi,mmaggiqp@pbs.org,Female,29.170.36.177
963,Barby,Voak,bvoakqq@phoca.cz,Female,187.101.28.194
964,Jacquenetta,Satterley,jsatterleyqr@free.fr,Female,131.35.155.213
965,Lotty,Pryn,lprynqs@shareasale.com,Female,239.143.70.69
966,Wilow,Bowdery,wbowderyqt@about.com,Female,93.75.16.59
967,Pascal,Fogg,pfoggqu@surveymonkey.com,Male,130.158.186.111
968,Kenneth,Sibthorpe,ksibthorpeqv@spiegel.de,Male,94.126.134.113
969,Carlee,Antoniat,cantoniatqw@macromedia.com,Female,215.117.188.58
970,Karen,Chudleigh,kchudleighqx@oakley.com,Female,141.167.125.225
971,Stuart,Manuele,smanueleqy@wikia.com,Male,251.94.148.55
972,Alyosha,Polgreen,apolgreenqz@businessweek.com,Male,188.26.197.39
973,Manda,Wanden,mwandenr0@loc.gov,Female,244.17.149.110
974,Minerva,Hobbing,mhobbingr1@umich.edu,Female,210.41.240.245
975,Tandi,Duxfield,tduxfieldr2@ebay.co.uk,Female,186.156.249.100
976,Manolo,Cotterell,mcotterellr3@adobe.com,Polygender,192.101.90.34
977,Robena,Castelain,rcastelainr4@taobao.com,Female,95.203.152.113
978,Mariska,Luckey,mluckeyr5@soup.io,Female,51.243.42.98
979,Lyda,Grayshon,lgrayshonr6@jigsy.com,Female,227.44.97.247
980,Duke,O'Gavin,dogavinr7@facebook.com,Male,43.145.98.48
981,Worden,Ricardet,wricardetr8@hubpages.com,Male,28.17.207.217
982,Kiley,Philp,kphilpr9@constantcontact.com,Female,68.158.201.20
983,Dionne,Chalmers,dchalmersra@earthlink.net,Female,114.20.134.244
984,Sarette,Tozer,stozerrb@xing.com,Female,48.87.179.0
985,Renell,Mc-Kerley,rmckerleyrc@nifty.com,Female,36.234.48.12
986,Dena,Liebmann,dliebmannrd@squidoo.com,Female,251.238.188.99
987,Ilise,Hewson,ihewsonre@51.la,Genderfluid,205.237.44.134
988,Konstance,Goymer,kgoymerrf@cocolog-nifty.com,Female,125.144.138.48
989,Josh,Smalecombe,jsmalecomberg@comsenz.com,Male,30.73.130.157
990,Hilly,Sewill,hsewillrh@hugedomains.com,Male,83.64.124.12
991,Hilly,Mansbridge,hmansbridgeri@nsw.gov.au,Male,237.224.21.235
992,Ame,McElhargy,amcelhargyrj@psu.edu,Female,68.17.75.72
993,Gallagher,Swadlin,gswadlinrk@auda.org.au,Male,120.15.140.91
994,Urbain,Albiston,ualbistonrl@jimdo.com,Male,153.37.225.239
995,Mikael,Killingworth,mkillingworthrm@newsvine.com,Male,216.255.142.77
996,Vail,Liddall,vliddallrn@blinklist.com,Male,103.154.216.111
997,Artemas,Roback,arobackro@chronoengine.com,Male,16.128.55.226
998,Katuscha,Abbate,kabbaterp@hc360.com,Female,54.161.130.93
999,Hanna,Groveham,hgrovehamrq@mediafire.com,Female,160.179.143.136
1000,Eryn,Bumfrey,ebumfreyrr@miitbeian.gov.cn,Female,131.110.71.146
